{
    "ini_prominence": 52.72908653846153,
    "ini_distance": 60.23557692307696,
    "ini_height": 10,
    "ini_threshold": 11.618589743589737,
    "ini_width": 0.8374999999999999,
    "peak_pos": [
        92,
        262,
        437,
        504
    ],
    "peak_widths": [
        380.6609848484848,
        23.417960526315767,
        37.913740079365084,
        44.95588235294116
    ]
}