{
    "ini_prominence": 98.7180769230769,
    "ini_distance": 30.61778846153851,
    "ini_height": 10,
    "ini_threshold": 28.525641025641015,
    "ini_width": 0.5854166666666667,
    "peak_pos": [
        88,
        279,
        756,
        853
    ],
    "peak_widths": [
        20.367026315789474,
        1.7610820105820153,
        32.5,
        45.472451849733034
    ]
}