{
    "ini_prominence": 100.0,
    "ini_distance": 240.34375,
    "ini_height": 10,
    "ini_threshold": 5,
    "ini_width": 0.24791666666666667,
    "peak_pos": [
        130,
        426
    ],
    "peak_widths": [
        27.602321795693328,
        21.02935075146928
    ]
}