{
    "ini_prominence": 100.0,
    "ini_distance": 138.68269230769238,
    "ini_height": 1000,
    "ini_threshold": 46.07371794871795,
    "ini_width": 0.42604166666666665,
    "peak_pos": [
        81,
        260
    ],
    "peak_widths": [
        57.882760759965485,
        23.83567236702558
    ]
}