{
    "ini_prominence": 69.23384615384614,
    "ini_distance": 211.52644230769226,
    "ini_height": 10,
    "ini_threshold": 13.46153846153846,
    "ini_width": 0.7489583333333334,
    "peak_pos": [
        204,
        480
    ],
    "peak_widths": [
        34.581016450966075,
        44.82944878472222
    ]
}