{
    "ini_prominence": 100.0,
    "ini_distance": 274.7644230769231,
    "ini_height": 1000,
    "ini_threshold": 25.16025641025641,
    "ini_width": 0.36875,
    "peak_pos": [
        334,
        814
    ],
    "peak_widths": [
        15.5,
        35.96076700898584
    ]
}