{
    "ini_prominence": 33.90084134615384,
    "ini_distance": 21.8125,
    "ini_height": 113.78205128205127,
    "ini_threshold": 5.7692307692307665,
    "ini_width": 1.0,
    "peak_pos": [
        36,
        75,
        98,
        123,
        147,
        252
    ],
    "peak_widths": [
        713.0,
        21.095238095238102,
        18.911764705882348,
        19.767441860465112,
        19.395833333333343,
        57.73333333333335
    ]
}