{
    "ini_prominence": 80.77115384615382,
    "ini_distance": 34.62019230769232,
    "ini_height": 582.5320512820513,
    "ini_threshold": 0.0,
    "ini_width": 0.6875,
    "peak_pos": [
        16,
        56,
        129,
        164,
        200,
        236,
        401
    ],
    "peak_widths": [
        6.734100009100009,
        20.732556285961522,
        13.414756944444434,
        14.535647803425178,
        20.19654722354059,
        23.216720912986148,
        43.64322250639384
    ]
}